file_id,project_id,file_name,file_type
1374,247,Dr_Akinyemi_PhD_Updated_19_6_27042020.nvp,nvp
19995,2869,Micatka_AtlastiCoding.qdpx,qdpx
20179,2873,Mannheimer_Redacted_Interview_Analysis.nvpx,nvpx
20180,2873,Mannheimer_Redacted_Interview_Analysis.qdpx,qdpx
21246,2897,Steeves_FocusGroup_Codebook.qdc,qdc
21253,2897,Steeves_Interview_Codebook.qdc,qdc
27212,2964,Hegarty_QDA-Project_NVivo.nvp,nvp
27213,2964,Hegarty_QDA-Project_REFI-QDA-Exchange.qdpx,qdpx
30855,2980,Burke_EDI_NENA.NVivoProject.2017.nvp,nvp
42818,3631,Polish debates on higher education party manifestos.qdpx,qdpx
42819,3631,Polish debates on higher education party manifestos.mx20,mx20
42820,3631,Polish debates on higher education party manifestos.mx22,mx22
42823,3633,SBOM data analysis_backup-20230125-232849.mx22,mx22
42824,3633,SBOM data analysis_backup-20230124-215119.mx22,mx22
42825,3634,MAXQUDA coding and data extraction.mx20,mx20
42826,3635,Prosecution_Appeals_Briefs_V1.qdpx,qdpx
42827,3636,International_Criminal_Law_Charging_Document_Database_v6.qdpx,qdpx
42828,3637,Sensing Risk (bertisum 2020-04-02).qdpx,qdpx
42829,3638,International Criminal Law Charging Document Database v7.qdpx,qdpx
120752,3786,FF1_B_QIA_in_MAXQDA_public.mx24,mx24
120757,3787,LLM_lowcode.mx20,mx20
120758,3787,Traditional_lowcode.mx20,mx20
120760,3788,Análisis_Primer_Instrumento.hpr7,hpr7
120761,3788,Análisis_Cuali_Segunda_Fase.hpr7,hpr7
120770,3789,workshop KPI.nvpx,nvpx
120779,3789,KPI - Diagnosis cycle.nvpx,nvpx
120781,3789,KPI - cycle de validation.nvpx,nvpx
120801,3790,Memes Project.qdpx,qdpx
137085,4813,Italian parties.nvpx,nvpx
137242,4833,MQS 4.nvp,nvp
137245,4833,MQS Study using PSI Codes 7.nvp,nvp
138537,4958,Experteninterviews.mx22,mx22
138575,4960,Qualitative_Data_NVivo.nvp,nvp
138576,4961,AZ project most recent 11 8 22.nvp,nvp
138885,4972,Coding Low-end Interviews_sortiert anonym.mx20,mx20
140025,5047,v. Nvivo_Public repository.nvp,nvp
141183,5119,Kastner Senior Seminar Project WORKING.mx5,mx5
149829,5535,"Nvivo file – Press data, European Commission, DG Trade, 1989-2025.nvpx",nvpx
149941,5548,MAXQDA text analyzed A populist virus Frontiers.mx20,mx20
149959,5550,NGEU_Framing_replication-data_anonym.mx24,mx24
151702,5642,salvador.mod,.mod
151704,5643,ecuador.mod,.mod
152647,5731,08 Dibbets_20111111_video.MOD,mod
152649,5731,09 Dibbets_20111111_video.MOD,mod
152654,5731,02 Shortest_Day_20111111_video.MOD,mod
152655,5731,07 Dibbets_20111111_video.MOD,mod
152657,5731,01 Shortest_Day_20111111_video.MOD,mod
152665,5731,03 Shorest_Day_20111111_video.MOD,mod
153761,5836,Longitudinaal fietsen met tegenwind 16-2.atlproj,atlproj
163114,5997,Schouten_20190612_video 1-3.MOD,mod
163115,5997,Schouten_20190612_video 2-3.MOD,mod
163119,5997,Schouten_20190612_video 3-3.MOD,mod
163654,6099,Schouten_20190226_video 4-4.MOD,mod
163660,6099,Schouten_20190226_video 2-4.MOD,mod
163664,6099,Schouten_20190226_video 3-4.MOD,mod
163665,6099,Schouten_20190226_video 1-4.MOD,mod
163746,6116,06 Baltussen_20111111_video.MOD,mod
163788,6122,05 Fletcher_20111111_video.MOD,mod
163789,6122,04 Fletcher_20111111_video.MOD,mod
171887,6430,Procesevaluatie 2.1.qdc,qdc
176715,6577,International_Criminal_Law_Charging_Document_Database_v6.qdpx,qdpx
176717,6577,International Criminal Law Charging Document Database v6.mx20,mx20
176719,6577,International Criminal Law Charging Document Database v7.mx20,mx20
176720,6577,International Criminal Law Charging Document Database v7.qdpx,qdpx
199513,7966,Deelonderzoek OD.qdpx,qdpx
199545,7966,Deelonderzoek PZ.qdpx,qdpx
199574,7966,Dokters van de Wereld.qdpx,qdpx
199583,7966,Deelonderzoek ODM SH.qdpx,qdpx
199597,7966,Deelonderzoek LVB.qdpx,qdpx
206988,8086,4 Primary documents.qdpx,qdpx
206989,8086,5 Processed data.qdpx,qdpx
207547,8110,Prosecution_Appeals_Briefs_V1.qdpx,qdpx
207548,8110,Prosecution_Appeals_Briefs_V1.mx20,mx20
208535,8140,Sensing Risk (bertisum 2020-04-02).qdpx,qdpx
211000,8176,UGMStaticScen_Kampala.mod,mod
211058,8176,bigdomPlusLCMAPS.mod,mod
211078,8176,compfrc.mod,mod
211434,8176,explicitspf.mod,mod
222703,8380,PHD intercultural Bible reading forgiveness Export.atlproj,atlproj
225668,8510,20160727PBdata.atlcd.hpr7,hpr7
274428,11571,EFL_ILP_ScopingReview_CodedData_20250718.qdpx,qdpx
274434,11573,Polish debates on higher education party manifestos.qdpx,qdpx
274435,11573,Polish debates on higher education party manifestos.mx20,mx20
274437,11573,Polish debates on higher education party manifestos.mx22,mx22
274439,11574,Qual Coder Coding File .qdpx,qdpx
274457,11575,1_PLANET4B_QDPXProject-BusinessModels_Pisa_20250919_Qualitative-Analysis-Project.qdpx,qdpx
274504,11576,23_PLANET4B_QDPXProject-FrameAnalysis_Pisa_20250514_Qualitative-Analysis-Project.qdpx,qdpx
274530,11578,LAC.qdpx,qdpx
274531,11578,Europe.qdpx,qdpx
274532,11578,Indian.qdpx,qdpx
274547,11579,Supplementary Data S2.3 Thematic Coding Data Extraction.qdpx,qdpx
274550,11580,Supplementary Analysis S1.2 Thematic Coding Analysis qdpx Format.qdpx,qdpx
274559,11581,KODING DATA KUALITATIF-WAWANCARA (Karunia Wijayanti 2023-11-17) (2).qdpx,qdpx
274561,11582,sthv electricity disruption 2024-04-18.qdpx,qdpx
274563,11583,Investigating Deception Findings - Evans Cameron et al - Coded data.nvp,nvp
274568,11583,Investigating Deception Findings - Evans Cameron et al - Coded data QDPX.qdpx,qdpx
274569,11584,needs assessment interviews (NVivo R14.23.0).qdpx,qdpx
274570,11585,20210813 Full project and analysis SHB.qdpx,qdpx
274574,11586,Disability Data for PLOSONE.qdpx,qdpx
274576,11587,CODED TRANSCRIPTS.qdpx,qdpx
274587,11588,Survey1_(NVivo_R1).nvpx,nvpx
274596,11590,Bio-engineering copy.nvpx,nvpx
274598,11591,DH Mac_RR_Dec 7 (NVivo R14.23.0).nvpx,nvpx
274609,11593,Student Voice Thesis.nvpx,nvpx
274610,11594,China Travel.nvpx,nvpx
274611,11595,Poland- BRI 2024.nvpx,nvpx
274613,11596,002-Text-analysis (NVivo R1) (NVivo R14.23.0).nvpx,nvpx
274614,11597,nozden (1) (2).nvpx,nvpx
274616,11598,pone.0286974.s019.nvpx,nvpx
274617,11599,Study2-Interview(NVivo 12).nvpx,nvpx
274618,11600,thesis Mac version.nvpx,nvpx
274619,11600,Thesis.nvp,nvp
274620,11601,Thematic Analysis.nvpx,nvpx
274621,11602,MASTER AGGREGATED.nvpx,nvpx
274622,11603,MASTER AGGREGATED.nvpx,nvpx
274624,11604,pone.0249390.s009.nvpx,nvpx
274627,11605,S4 FILE.atlproj,atlproj
274641,11607,pgph.0001429.s002.mx22,mx22
274642,11608,Tesis43.mx22,mx22
274766,11645,Midstream and downstream behavioural patterns.nvp,nvp
274767,11645,Upstream behavioural patterns.nvp,nvp
274779,11646,1 - Constructive turn - Nvivo project file (Mac).qdpx,qdpx
274859,11652,SLR_Analysis_updated_2023.nvp,nvp
274862,11652,SLR_Analysis_updated_2023_for_MAC.nvpx,nvpx
274863,11653,2005 plan.nvp,nvp
274864,11653,1968 plan.nvp,nvp
274865,11653,2018 plan.nvp,nvp
274944,11705,Visual analysis of Kindchenschema - Nvivo 12.nvp,nvp
274966,11713,Amazon Dataset.qdpx,qdpx
274967,11713,Genetic Companies Dataset.atlproj,atlproj
274968,11713,Amazon Dataset.atlproj,atlproj
274969,11713,Genetic Companies Dataset.qdpx,qdpx
274985,11722,JBE_SocialEntrepreneurship_network analysis (Adélie Ranville 2021-05-14).atlproj,atlproj
275004,11730,Collectitude_CodeSystem_20211230.mtr,mtr
275005,11731,voluntariado_exemplo_MAXQDA_V4.mx24,mx24
275006,11732,SBOM data analysis_backup-20230125-232849.mx22,mx22
275007,11732,SBOM data analysis_backup-20230124-215119.mx22,mx22
275015,11739,Appendix 1_MAXQDA 09-2023 Data coding- EU Externalization of borders - Policy Frameworks on Migration with AFrica- HoA region - Case Sudan 2015-2020.mx22,mx22
275036,11741,Data Labelling & Encoding.mx20,mx20
275052,11746,Populism Abbas Netanyahu Speeches at UNGA 2010-19 MAXQDA code.mx20,mx20
275108,11773,categorização maxqda estigma na américa latina.mx24,mx24
275122,11786,"Tiny scratches_interviews, codes.mx24",mx24
275146,11797,Telegram_Analysis_final.mx24,mx24
275859,12070,Dr_Akinyemi_PhD_Updated_19_6_27042020.nvp,nvp
276288,12295,coded-dataset.qdpx,qdpx
276872,12551,QualitativeCodingResults.nvp,nvp
290207,16867,GenCloneFiles.sea,sea
290208,16867,GenoDive.sea,sea
290209,16867,InputFiles.sea,sea
291513,18624,DS_education_1_review_thematic_analysis.nvp,nvp
291540,18626,Anonymisiert_Paludi_Rawdata.mx24,mx24
291605,18630,eCape Energy crisis - anonymisering - final.nvp,nvp
291617,18632,Evidence of controversies.nvp,nvp
291618,18632,Salini Impregilo Sustainability Discourses.nvp,nvp
291658,18638,Analisi testuale.qdpx,qdpx
291675,18640,Asghari edited.mx20,mx20
291731,18643,Populism Morocco Spain border MAXQDA code v2 25 may 2023.mx20,mx20
291761,18648,can2hem.mod,mod
291763,18648,cadifusnpumpOGBendodif.mod,mod
291770,18648,ampa5.mod,mod
291775,18648,constant.mod,mod
291776,18648,cathem.mod,mod
291778,18648,step_release.mod,mod
291784,18648,kamt.mod,mod
291785,18648,naxn.mod,mod
291786,18648,nmda5.mod,mod
291948,18678,code_system.mtr,mtr
292106,18685,Integrative review.nvpx,nvpx
292123,18690,2-MaxQDA-Project.mx22,mx22
292125,18690,3-REFI-QDA-Project.qdpx,qdpx
292165,18698,SDG in EFL.mx20,mx20
292166,18698,SDG in EFL.qdpx,qdpx
292888,18822,Expert_Interviews_TAM.mx24,mx24
294636,18961,codebook.qdc,qdc
295054,19010,1.1.2. The Primary Coding.mx20,mx20
295055,19010,1.2.2. The Secondary Coding.mx20,mx20
295298,19019,CHILDREN AND YOUTH_COMPLETE_2026_22.03.26.mqda,mqda
295626,19086,TikTok-Atlas.ti.hpr7,hpr7
295629,19087,USMOV GDdocentes.mx20,mx20
295630,19087,USMOV GDdocentes.qdpx,qdpx
295670,19095,CHILDREN AND YOUTH_COMPLETE_2026_22.03.26.mqda,mqda
295715,19102,dr tirta.nvp,nvp
295738,19109,Grille de codage_RE.nvp,nvp
295865,19127,Ugel 02 Lima .mx20,mx20
295866,19127,Ugel 02 Lima .qdpx,qdpx
295935,19141,Gaming Horizons - Copy 2.nvp,nvp
295973,19148,PacoteProjetoQDXP_DissertaçãoVivian_RevSist.qdpx,qdpx
296884,19151,Justice_in_ICC_OTP_Public_Communications.mx20,mx20
296885,19151,Justice_in_ICC_OTP_Public_Communications.qdpx,qdpx
296896,19151,Klimawandel.mx20,mx20
297007,19151,Life Satisfaction.mx20,mx20
297024,19151,Medica Proyecto.mx20,mx20
297063,19151,Project.mx20,mx20
297210,19151,Voluntariado.mx20,mx20
298565,19880,Database MAXQDA article Populism and Borders.mx20,mx20
298567,19881,China_Laos_railway_Xinhua_JW.mx20,mx20
298568,19881,Laos-China_railway_TheLaotianTimes_FR.mx20,mx20
298591,19882,yıldız & kayır.mx20,mx20
298592,19883,Social Cost of Carbon Full_backup-20220420-183933_backup-20220426-190220.mx22,mx22
298595,19884,Experteninterviews Diss Jan 23.mx22,mx22
298613,19885,Master Thesis.mx22,mx22
298618,19886,NEU.mx22,mx22
298619,19886,NEU v2.mx22,mx22
298620,19886,NEU YU.mx22,mx22
298626,19887,Attachment 6 - Claudia Schäfer Experteninterviews.mx24,mx24
298630,19888,Experteninterview MaxQDA filled.mx24,mx24
298637,19889,EUCommission_PressData_HarvardDataverse.nvpx,nvpx
298638,19890,PhD_Fieldwork Analysis_Konya.nvpx,nvpx
298639,19890,PhD_Fieldwork Analysis.nvpx,nvpx
298640,19890,PhD_Fieldwork Analysis_Urfa.nvpx,nvpx
298641,19891,afd_skepticism_qda_replic.nvpx,nvpx
298649,19892,2023_05_08_McGlade-Bouchard_Nvivo_evidence.nvpx,nvpx
298651,19893,Putin's Speeches January 15 2021 clean.nvpx,nvpx
298655,19894,ANLibs_CodedTranscripts_20211204_v15.qdpx,qdpx
299043,19910,Qualitative review _ maxqda file.mx22,mx22
299047,19911,Dissertation final.atlproj,atlproj
299057,19913,Impact standards 11 OCT 2019 Cleaned.atlproj,atlproj
299175,19917,SG - CR NL Coded data Rijksoverheid.atlproj,atlproj
299198,19919,Atlas.ti_codebook.qdc,qdc
299321,19924,Masterthesis Sjim.nvpx,nvpx
299551,19933,Miriam Audio Diaries.atlproj,atlproj
299583,19935,Study3.AtlPac,atlpac
299584,19936,Study 1.AtlPac,atlpac
299585,19937,Study 2.AtlPac,atlpac
299614,19945,Kennis & Gebruik 1 (Gabriel Taban 2025-04-25).qdpx,qdpx
299615,19945,Kennis & Gebruik 2 (Gabriel Taban 2025-04-25).qdpx,qdpx
299616,19945,Kennis & Gebruik 3 (Gabriel Taban 2025-04-25).qdpx,qdpx
299811,19968,Transcripts - Anonymised.qdpx,qdpx
300027,20011,s3 study_role_of_patient-2022-10-31T14-06.atlproj,atlproj
300873,20058,Brand Activism and GenZ.qdpx,qdpx
301925,20128,Road to Consumption_Qualitative Data.nvp,nvp
302124,20144,Tina Sahakian_Evidence based management process_Processed data_REFI QDA.qdpx,qdpx
304069,20151,SpekErmersMilota-Codebook.qdc,qdc
304481,20200,Paradoxes in Blockchain-Technology -MA- Codebook MAXQDA2022 - Code System.qdc,qdc
304482,20200,Paradoxes in Blockchain-Technology- MA MAXQDA2022 - Code System.mtr,mtr
304556,20216,RAC_Behavioral_biases.nvp,nvp
304840,20262,Oil_and_Gas_Methane_Emissions_Scoping_Review_Vollrath_MSc_2022.nvp,nvp
304841,20262,Oil_and_Gas_Methane_Emissions_Scoping_Review_Vollrath_MSc_2022.qdpx,qdpx
304861,20264,NVIVO project.nvp,nvp
304899,20269,QNA_Mayer(Mac)_20140716.nvpx,nvpx
304900,20269,QNA_Mayer(Win)_20140716.nvp,nvp
304901,20269,QNA_McLean_20140716.nvpx,nvpx
304902,20269,QNA_Nichol_20140716.nvp,nvp
304903,20269,QNA_Smith_20140716.nvp,nvp
304904,20269,QNA_Wallace_20140716.nvpx,nvpx
304905,20269,QNA_Wallace_W.nvpx,nvpx
304908,20270,QNA_REVISED-MCLEAN-20140520.NVPX,nvpx
304909,20270,QNA_REVISED-MCLEAN-20140612.NVPX,nvpx
304910,20270,QNA_REVISED_MCLEAN.NVPX,nvpx
304911,20270,QNA_REVISED_NICHOL_20140520.nvp,nvp
304912,20270,QNA_REVISED_NICHOL_20140617.nvp,nvp
304913,20270,QNA_REVISED-NICHOL-JH_COMMENTS-20140612.nvp,nvp
304914,20270,QNA_REVISED_NICHOL.nvp,nvp
304915,20270,QNA_REVISED_NICHOL.NVPX,nvpx
304916,20270,QNA_REVISED_SMITH_20140523.NVP,nvp
304917,20270,QNA_REVISED_SMITH.NVPX,nvpx
304918,20270,QNA_REVISED_WALLACE(1)_20140519_to_20140606.nvpx,nvpx
304919,20270,QNA_REVISED-WALLACE-20140519.NVPX,nvpx
304920,20270,QNA_REVISED_WALLACE-JH_ADDITIONS_20140611.nvpx,nvpx
304921,20270,QNA_REVISED_WALLACE-JH_ADDITIONS_20140617.nvpx,nvpx
304922,20270,QNA_REVISED_WALLACE-JH_ADDITIONS-W-20141210.NVPX,nvpx
304923,20270,QNA_REVISED_WALLACE.NVPX,nvpx
304924,20270,QNA_TEST_CAMPBELL.NVPX,nvpx
304925,20270,QNA_TEST_HARRIS_20140427.NVPX,nvpx
304926,20270,QNA_TEST_MAYER(MAC)_20140427.NVPX,nvpx
304927,20270,QNA_TEST_MAYER.nvpx,nvpx
304928,20270,QNA_TEST_MAYER(WIN)_2014-0427.NVP,nvp
304929,20270,QNA_TEST_MCLEAN_COMPLETED.NVPX,nvpx
304930,20270,QNA_TEST_MCLEAN.NVPX,nvpx
304931,20270,QNA_TEST_NICHOL-20140424.nvp,nvp
304932,20270,QNA_TEST_NICHOL.nvp,nvp
304933,20270,QNA_TEST-SMITH-20140423.NVP,nvp
304934,20270,QNA_TEST_SMITH-20140425.nvp,nvp
304935,20270,QNA_TEST_SMITH.nvp,nvp
304936,20270,QNA_TEST_WALLACE_20140425.nvpx,nvpx
304937,20270,QNA_TEST_WALLACE.nvpx,nvpx
304938,20271,Chapter 6 SDG Post-2015 Corpus.nvp,nvp
304941,20273,Chapter 8 AbuZayd Report.nvp,nvp
304942,20273,Chapter 8 Global Compacts.nvp,nvp
304944,20274,Chapter 7 IOM (NVivo 12).nvp,nvp
304946,20275,Chapter 5 GFMD.nvp,nvp
304948,20276,Chapter 4 GFMD Chair Reports.nvp,nvp
304956,20279,Study 4_Harsh Feedback.nvpx,nvpx
304957,20280,Study 3_Student Feedback to Teachers.nvpx,nvpx
304969,20282,Study 2_Incentives and Motivations.nvpx,nvpx
304983,20286,eDNA_CURE_theme_analysis.nvp,nvp
305123,20302,COMENTARIOS_TIKTOK.qdpx,qdpx
305125,20309,International_Criminal_Law_Charging_Document_Database_v6.qdpx,qdpx
305126,20309,International Criminal Law Charging Document Database v7.qdpx,qdpx
305131,20309,International Criminal Law Charging Document Database v6.mx20,mx20
305132,20309,International Criminal Law Charging Document Database v7.mx20,mx20
305315,20343,MQS 4.nvp,nvp
305318,20343,MQS Study using PSI Codes 7.nvp,nvp
305323,20344,2.27.20 NVivo STEPP file Dataverse.nvp,nvp
305324,20346,Quality_Deidentified_6.29.21.nvp,nvp
305325,20347,NVivo file with new tweets added 11.19.24.nvp,nvp
305326,20348,NVivo file paradox theory 12.26.22.nvp,nvp
305328,20349,Factors accounting for the students' views and gender.nvpx,nvpx
305390,20397,Longitudinaal fietsen met tegenwind 16-2.atlproj,atlproj
305441,20399,COMUNICANCER_GRUPOS DISCUSIÓN.qdpx,qdpx
305473,20403,PHD intercultural Bible reading forgiveness Export.atlproj,atlproj
305490,20404,20160727PBdata.atlcd.hpr7,hpr7
305545,20409,Deelonderzoek LVB.qdpx,qdpx
305546,20409,Deelonderzoek ODM SH.qdpx,qdpx
305547,20409,Deelonderzoek OD.qdpx,qdpx
305548,20409,Deelonderzoek PZ.qdpx,qdpx
305549,20409,Dokters van de Wereld.qdpx,qdpx
305645,20417,Procesevaluatie 2.1.qdc,qdc
312382,20534,4 Primary documents.qdpx,qdpx
312383,20534,5 Processed data.qdpx,qdpx
313687,20650,Kastner Senior Seminar Project WORKING.mx5,mx5
313749,20652,MAXQDA dataverse file - Evans.mx5,mx5
314747,20772,Italian parties.nvpx,nvpx
316004,20864,Coding Low-end Interviews_sortiert anonym.mx20,mx20
316563,20924,interview_coding.atlproj,atlproj
316564,20925,Study 1 MaxQDA.mx3,mx3
316570,20931,MEPIT 2023 RESPALDO (Mobile46 2024-06-19).qdpx,qdpx
316572,20932,Prosecution_Appeals_Briefs_V1.qdpx,qdpx
316574,20932,Prosecution_Appeals_Briefs_V1.mx20,mx20
316577,20933,03_Nacey_Replication_data_Systematic_metaphors_QDA_metaphor_analysis.qdpx,qdpx
316578,20934,Sensing Risk (bertisum 2020-04-02).qdpx,qdpx
316658,20935,Blackout Tuesday.qdpx,qdpx
316660,20936,Brand Activism - Black Friday.qdpx,qdpx
317529,21008,GIBSON MaxQDA File.mx5,mx5
317534,21009,Weinberg MAXQDA File.mx5,mx5
317544,21010,KPI_Research_ComAgri_2023.02.12.mx22,mx22
317547,21010,Role of KPIs.mx22,mx22
317550,21011,Kelsey Hough MAXQDA Final.mx5,mx5
317557,21013,Experteninterviews.mx22,mx22
317569,21015,Holevas MAXQDA.mx5,mx5
317573,21016,Devoy Final MaxQDA.mx5,mx5
317593,21021,Commodifying Compassion USAID Nvivo Database.nvp,nvp
317596,21022,Qualitative_Data_NVivo.nvp,nvp
317706,21027,coding interview data 访谈数据NVivo编码.nvpx,nvpx
317728,21030,client coding master project (NVivo R1.6) Final.nvp,nvp
351899,21662,Aesthetics and Information.nvpx,nvpx
352003,21703,open_responses_Atlas_file.atlproj,atlproj
352005,21704,BMS curriculum study.atlproj,atlproj
352006,21705,Study strategies_AtlasFile_final.atlproj,atlproj
354181,21745,analisis atlas.hpr7,hpr7
354198,21746,IDDC_USI_KII.hpr7,hpr7
354204,21747,"Atlas work AI illness, access and utilization 11 at noon.hpr7",hpr7
354205,21748,"backup of Steun sociaal netwerk, focusgroepen, verdere onderverdeling.hpr7",hpr7
354206,21749,Hercodering transcripten Thuisrevalidatie.hpr7,hpr7
354210,21750,CroppingCalendarDeviation.hpr7,hpr7
356229,21753,ASHRAE9012016_ApartmentMidRise_Denverout.mtr,mtr
356230,21753,ASHRAE9012016_Hospital_Denverout.mtr,mtr
356231,21753,ASHRAE9012016_HotelLarge_Denverout.mtr,mtr
356232,21753,ASHRAE9012016_HotelSmall_Denverout.mtr,mtr
356233,21753,ASHRAE9012016_OfficeLarge_Denverout.mtr,mtr
356234,21753,ASHRAE9012016_OfficeMedium_Denverout.mtr,mtr
356235,21753,ASHRAE9012016_OfficeSmall_Denverout.mtr,mtr
356236,21753,ASHRAE9012016_OutPatientHealthCare_Denverout.mtr,mtr
356237,21753,ASHRAE9012016_RestaurantFastFood_Denverout.mtr,mtr
356238,21753,ASHRAE9012016_RestaurantSitDown_Denverout.mtr,mtr
356239,21753,ASHRAE9012016_RetailStandalone_Denverout.mtr,mtr
356240,21753,ASHRAE9012016_RetailStripmall_Denverout.mtr,mtr
356241,21753,ASHRAE9012016_SchoolPrimary_Denverout.mtr,mtr
356242,21753,ASHRAE9012016_SchoolSecondary_Denverout.mtr,mtr
356243,21753,ASHRAE9012016_Warehouse_Denverout.mtr,mtr
356244,21753,ASHRAE9012016_ApartmentHighRise_Denverout.mtr,mtr
356248,21755,FINAL THESIS.mx12,mx12
356280,21756,thesis data.mx12,mx12
356301,21757,PhD.mx20,mx20
356303,21758,CARGAP_ConstraintsAccessTorRightsGermanAsylumProcedure.mx22,mx22
356304,21759,MasterdateiDL.mx22,mx22
356318,21760,Salient and contested scientific evidence in debates over sustainable transformation_pesticide policymaking in Switzerland.mx22,mx22
356319,21761,FINAL CFIR verified.mx22,mx22
356320,21762,Friberger MAX Coding File.mx5,mx5
356324,21763,DerbyshireMAXQDAfile.mx5,mx5
356327,21764,STIGMA ASSOCIATED WITH CLEFT LIP & PALATE.nvp,nvp
356332,21765,v. Nvivo_Public repository.nvp,nvp
356333,21766,AZ project.nvp,nvp
356336,21767,EU public values in energy and IT policies - coding and analysis.nvp,nvp
356338,21768,CPS.nvp,nvp
356339,21769,FPA_Military_Statecraft_Doctrinal_Uncertainty.ppj,ppj
356348,21770,Partek_Gene_Diff_Project.ppj,ppj
356349,21770,Partek_Isoform_Diff_Project.ppj,ppj
357579,22111,Occbin_NK_baseline_CapitalTax.mod,.mod
357580,22111,Occbin_NK_baseline_LaborTax.mod,.mod
357581,22111,Occbin_NK_baseline.mod,.mod
357582,22111,Occbin_NK_baseline_RevenueTax.mod,.mod
357583,22111,Occbin_NK_extended_HighRhoT.mod,.mod
357584,22111,Occbin_NK_extended.mod,.mod
357709,22112,modelG.mod,.mod
357710,22112,model_htm.mod,.mod
357852,22114,mainmodel_tfpunc.mod,.mod
357853,22114,mainmodel_tfpunc_nocov.mod,.mod
358095,22120,transition.mod,.mod
358152,22121,FIG_C1_base_model.mod,.mod
358153,22121,FIGs_C2_C3_C4_growth_base_model.mod,.mod
358291,22123,baseline.mod,.mod
358471,22130,ss_constrained.mod,.mod
358472,22130,ss_unconstrained.mod,.mod
358473,22130,transition_ramsey.mod,.mod
358474,22130,transition_ramsey_traditional.mod,.mod
363185,22155,04 Fletcher_20111111_video.MOD,mod
363187,22155,05 Fletcher_20111111_video.MOD,mod
363195,22156,06 Baltussen_20111111_video.MOD,mod
366773,23994,C3NViVoYouthIn-DepthUncoded.nvp,nvp
383710,24580,lc_gti_2009.qdp,qdp
383713,24580,lc_global.qdp,qdp
383718,24580,lc_gti_2012.qdp,qdp
383720,24580,lc_gti_2011.qdp,qdp
383723,24583,memecode-BAND-unificado.atlpac,atlpac
383724,24584,memecode-SBT-22122015-daniel.atlpac,atlpac
383884,24706,Maxqda categorisation.mx12,mx12
383948,24767,pone.0216489.s002.mx12,mx12
384041,24849,Thesis NVivo File Final.nvp,nvp
384053,24859,Contextual factors influencing CHC.nvp,nvp
384084,24869,BioDiv_survey_HumboldtCenter.mx18,mx18
384091,24876,pone.0237735.s002.mx4,mx4
384093,24878,pone.0239778.s001.nvp,nvp
384131,24915,TextAnalysis.nvp,nvp
384217,24996,Metodologías activas en Educación Superior_20210408.mx20,mx20
384346,25094,Endometrial Scratch Forum Posts.nvp,nvp
384349,25094,Intralipid in The Daily Mail.nvp,nvp
384371,25116,Focus Groups (1).mx20,mx20
384411,25155,bb64_5.mx3,mx3
384412,25155,gl64_5_S3.mx3,mx3
384415,25155,gl64_5.mx3,mx3
384418,25155,sk64_5.mx3,mx3
384420,25155,wire_S3_2.mx3,mx3
384421,25155,bb64_S3.mx3,mx3
384422,25155,sk64_5_S3.mx3,mx3
384593,25296,Newspaper Columns.mx20,mx20
384601,25303,Data.mx20,mx20
384602,25304,Meta-study.mx20,mx20
384603,25305,Interview Data.nvp,nvp
384604,25306,escrita-cientifica-nvivo.nvp,nvp
384608,25307,Sin of Omission - Coded data - Jul 2022.nvp,nvp
384609,25308,FeV_SingleLayer_2um_with_Tri_Notches.mx3,mx3
384610,25308,FeV_SAF_2um_with_Tri_Notches.mx3,mx3
384611,25308,FeV_SingleLayer_2um.mx3,mx3
384612,25308,FeV_SingleLayer_2um_Diffusive.mx3,mx3
384613,25308,FeV_SAF_2um.mx3,mx3
384614,25308,FeV_SAF_2um_Diffusive.mx3,mx3
384618,25309,Endo.nvp,nvp
384619,25310,Defenses against Investigative Journalism.nvp,nvp
384620,25311,PINBook - 20 top shares (FigShare).nvp,nvp
384625,25312,Risk and the Reasonable Refugee - Coded data - Jul 2022.nvp,nvp
384632,25313,1M_4R.mod,mod
384635,25314,file for andrew.nvp,nvp
384636,25315,Codering vragen ouders.mx22,mx22
384637,25315,Codering interviews professionals.mx22,mx22
384638,25315,Codering observaties.mx22,mx22
384639,25315,Coding parent-child neighbourhood interventions_incl keuze.mx22,mx22
384640,25316,Qualitative data.nvp,nvp
384641,25317,Coaches Interviews Open Acess.nvp,nvp
384642,25318,ID48_03.07.22.MOD,MOD
384645,25319,coding result on questionniare 2-coder B.nvp,nvp
384646,25319,coding result on questionniare 1-coder A.nvp,nvp
384647,25319,coding result on questionniare 1-coder B.nvp,nvp
384648,25319,coding result on questionniare 2-coder A.nvp,nvp
384653,25320,word frequency.nvp,nvp
384654,25320,survey analysis.nvp,nvp
384655,25320,content analysis.nvp,nvp
384656,25321,Dataset II_Nvivo database on staff interview transcripts about faculty faculty development for online teaching_v1 01-06-2023.nvp,nvp
384657,25322,cakecut_m.mod,mod
384666,25322,tools_m.mod,mod
384670,25323,Wang et al - qualitative - raw data and analysis (NVivo 12).nvp,nvp
384673,25324,fx_tr_mx_3.mod,mod
384674,25324,fx_tr_jamaica_3.mod,mod
384690,25325,Project.nvp,nvp
384691,25326,War Child_Social contact_copy 14-6-22.nvp,nvp
384692,25327,MANUTENÇÃO DA ATIVIDADE FÍSICA classificação.nvp,nvp
384693,25328,pone.0300775.s001.mod,mod
384694,25329,word frequency.nvp,nvp
384695,25329,content analysis.nvp,nvp
384699,25330,NVivo11 data. Rural women empowerment.nvp,nvp
384701,25331,go.mod,mod
384714,25332,MAXQDA24 Coded Data - Code System.qdc,qdc
384717,25332,Coded Data.mex24,mex24
384719,25332,Coded Data.mx24,mx24
384722,25333,C57BL6J_b38.mod,mod
384725,25333,CASTEiJ_b38_f.mod,mod
384735,25334,NVIVO_Temburong_project_anon.nvp,nvp
384736,25335,Analisa FRame Nvivo.nvp,nvp
384737,25336,pgph.0004382.s003.nvp,nvp
384738,25337,A Realist Perspective on Optimizing Community Health Workers roles and functions to deliver Integrated people-centred care.nvp,nvp
384740,25338,Destination image of Italy.mx20,mx20
384741,25339,LIBYA & RECOGNITION PROJECT-DATASET 2012-2018.nvp,nvp
384742,25340,高中英语教师跨文化外语教学研究.nvp,nvp
384752,25341,Private Banking_coding and all interviews dataset.mx24,mx24
384753,25342,._cacumm.mod,mod
384754,25342,cacumm.mod,mod
384757,25342,cal2.mod,mod
384758,25342,._cal2.mod,mod
384759,25342,calH.mod,mod
384760,25342,._calH.mod,mod
384761,25342,exp2nmdar.mod,mod
384762,25342,._exp2nmdar.mod,mod
384764,25343,Final No Identifiable Data project.nvp,nvp
384770,25344,Interviews in Turkish and Codes in English.mx20,mx20
384778,25345,Biopsychosocial Evaluation of Freestyle Libre for Type 1 Diabetes (NVivo R14.23.2).nvp,nvp
384781,25346,Dataset 1B_IKS_VenerealDiseases_NVivo.nvp,nvp
384782,25347,DATASET Virtual and Physical Participants Notes on Sendang Duwur.nvp,nvp
384791,25348,manzanillo_c1.mod,mod
384806,25349,markov2.mod,mod
384809,25349,markov2_perfect.mod,mod
384820,25349,private_1s2c_perfect2_varyTaux.mod,mod
384826,25349,Ramsey_1s2c_perfect2.mod,mod
384876,25350,dynaremodel_KurmannSims_Part3.mod,mod
384906,25351,MEPIT 2023 RESPALDO (Mobile46 2024-06-19).qdpx,qdpx
384912,25352,GreedSV.mod,mod
384913,25352,GreedAR1.mod,mod
384914,25352,GrievanceLinearAR1.mod,mod
384915,25352,GrievanceLinearSeasonal.mod,mod
384927,25353,BD-PlanB-PoliticasClimaticas22-BPSR2022-0021.nvp,nvp
384933,25354,Data set -IWMI-Survey2.nvp,nvp
384983,25355,PARMS.mod,mod
385081,25356,coding interview data 访谈数据NVivo编码.nvpx,nvpx
385121,25357,幼儿教师.nvp,nvp
385135,25358,Table4AdjCost2.mod,mod
385137,25358,Table4AdjCost5.mod,mod
385139,25358,Table4LowShockVol.mod,mod
385141,25358,Tables2and3.mod,mod
385162,25359,model_3nk.mod,mod
385163,25359,model_implement1.mod,mod
385164,25359,model_4nk_yield.mod,mod
385165,25359,model_4nk.mod,mod
385166,25359,model_implement.mod,mod
385167,25359,model_implement_zlb.mod,mod
385169,25359,model_optimal.mod,mod
385323,25360,ca_a1g.mod,mod
385325,25360,ca_a1h.mod,mod
385326,25360,ca_a1i.mod,mod
385327,25360,cad.mod,mod
385329,25360,Cav3_2.mod,mod
385330,25360,Cav3_1.mod,mod
385332,25360,Cav3_3.mod,mod
385463,25360,hh2.mod,mod
385472,25360,iahp.mod,mod
385474,25360,iA.mod,mod
385479,25360,ican.mod,mod
385483,25360,iL.mod,mod
385489,25360,it2_high.mod,mod
385490,25360,it2_low.mod,mod
385491,25360,it2.mod,mod
385525,25361,competitive_altbenefit.mod,mod
385526,25361,competitive_beta.mod,mod
385527,25361,competitive_etaH.mod,mod
385529,25361,competitive_etaL.mod,mod
385530,25361,competitive_lambdaH.mod,mod
385531,25361,competitive_lambdaL.mod,mod
385532,25361,competitive.mod,mod
385533,25361,cournot1.mod,mod
385534,25361,cournot2.mod,mod
385535,25361,cournot3.mod,mod
385539,25361,fringe_competitive.mod,mod
385541,25361,fringe_monopoly.mod,mod
385542,25361,fringe_nobenefit.mod,mod
385556,25361,monopoly_altbenefit.mod,mod
385559,25361,monopoly_beta.mod,mod
385560,25361,monopoly_etaH.mod,mod
385561,25361,monopoly_etaL.mod,mod
385562,25361,monopoly_lambdaL.mod,mod
385563,25361,monopoly_lambdaH.mod,mod
385564,25361,monopoly.mod,mod
385565,25361,nobenefit_altbenefit.mod,mod
385566,25361,nobenefit.mod,mod
385589,25362,NGEU_Framing_replication-data_anonym.mx24,mx24
385599,25363,bbeffectivedemandmatchirf_order3.mod,mod
385602,25363,bbeffectivedemandmatchirf_order4.mod,mod
385609,25364,panama.mod,mod
385623,25365,model_est_EPDindex.mod,mod
385624,25365,model_est_basicNK.mod,mod
385625,25365,model_est_EPD.mod,mod
385626,25365,model_est_standardNK.mod,mod
385627,25365,monetary_policyVAR2.mod,mod
385628,25365,model_irf.mod,mod
385629,25365,monetary_policyVAR1.mod,mod
385630,25365,news_shock_baseline.mod,mod
385631,25365,pc_est_baseline.mod,mod
385632,25365,pc_est_price_stickiness.mod,mod
385633,25365,news_shock_rotem.mod,mod
385634,25365,pc_est_Rotemberg.mod,mod
385656,25365,zlb_baseline.mod,mod
385657,25365,zlb_rotem.mod,mod
385658,25366,"Nvivo file – Press data, European Commission, DG Trade, 1989-2025.nvpx",nvpx
386002,25411,Commodifying Compassion USAID Nvivo Database.nvp,nvp
386982,25479,CARGAP_ConstraintsAccessTorRightsGermanAsylumProcedure.mx22,mx22
387467,25557,Brand Activism - Black Friday.qdpx,.qdpx
387568,25581,MAXQDA text analyzed A populist virus Frontiers.mx20,mx20
390561,25917,Baseline.mod,mod
390562,25917,exitenergyinentry.mod,mod
390564,25917,exitXarma(appendix).mod,mod
390565,25917,Noentryexit.mod,mod
390566,25917,fexoexit.mod,mod
390567,25917,exoexitnof.mod,mod
390576,25918,linkage8sectorsNoAdj202408.mod,mod
390591,25919,protectionism_Larch_Lechthaler_2010.mod,mod
390614,25920,maind.mod,mod
390616,25920,mainhightau.mod,mod
390618,25920,mainlowtau.mod,mod
390620,25920,main.mod,mod
390630,25920,sec11d.mod,mod
390631,25920,sec11.mod,mod
390632,25920,sec12d.mod,mod
390633,25920,sec12.mod,mod
390642,25920,sec21d.mod,mod
390643,25920,sec21lowtau.mod,mod
390644,25920,sec21lowt.mod,mod
390645,25920,sec21.mod,mod
390646,25920,sec22d.mod,mod
390647,25920,sec22hightau.mod,mod
390648,25920,sec22hight.mod,mod
390649,25920,sec22.mod,mod
390659,25920,sec3.mod,mod
390672,25921,GHIAIE_ROUILLARD_2021.mod,mod
390673,25921,GHIAIE_ROUILLARD_sens_2021.mod,mod
390693,25922,Autom_estim2.mod,mod
390697,25922,Autom_estim2_simul_ebar.mod,mod
390699,25922,Autom_estim2_simul.mod,mod
390702,25922,Autom_estim2_simul_sigmaH.mod,mod
390705,25922,Autom_estim_delta.mod,mod
390709,25922,Autom_estim_jobs2.mod,mod
390711,25922,Autom_estim_qazero.mod,mod
390714,25922,Autom_estim_qazero_simul.mod,mod
390717,25922,Autom_estim_simul_nothreat.mod,mod
390734,25922,NK_US_estim.mod,mod
390738,25922,NoAutom_noA2_estim4.mod,mod
390740,25922,NoAutom_noA2_estim4_simulpben.mod,mod
390766,25923,GPU_AER_simple_2qua2.mod,mod
390767,25923,GPU_AER_simple_2qua3.mod,mod
390768,25923,GPU_AER_simple_2qua.mod,mod
390816,25924,FIGURE_11_210326.mod,mod
390817,25924,FIGURE_12_210326.mod,mod
390819,25924,FIGURE_7_210326.mod,mod
390820,25924,FIGURE_8_210326.mod,mod
390822,25924,FIGURE_A2_210326A.mod,mod
390823,25924,FIGURE_A2_210326B.mod,mod
390824,25924,FIGURE_A2_210326C.mod,mod
390826,25924,FIGURE_A3_210326A.mod,mod
390827,25924,FIGURE_A3_210326B.mod,mod
390828,25924,FIGURE_A3_210326C.mod,mod
390838,25924,TABLE_5_210326.mod,mod
390844,25925,Formulation1.mod,mod
390845,25925,Formulation2.mod,mod
390846,25925,Formulation3.mod,mod
400247,26867,Ih.mod,mod
400248,26867,k_human.mod,mod
400341,26867,na_human.mod,mod
400379,26868,CPS - coding - deel 2.nvp,nvp
400381,26868,CPS.nvp,nvp
400567,26869,k_human_h1.mod,mod
400568,26869,k_human_hm12inf.mod,mod
400569,26869,k_human.mod,mod
400571,26869,k_hybrid1.mod,mod
400572,26869,k_hybrid3.mod,mod
400573,26869,k_hybrid2.mod,mod
400574,26869,k_hybrid4.mod,mod
400575,26869,k_hybrid5.mod,mod
400577,26869,k_mouse.mod,mod
400579,26869,na_human.mod,mod
400582,26869,na_hybrid1.mod,mod
400583,26869,na_hybrid2.mod,mod
400584,26869,na_hybrid3.mod,mod
400585,26869,na_hybrid4.mod,mod
400586,26869,na_hybrid5.mod,mod
400587,26869,na_hybrid6.mod,mod
400588,26869,na_hybrid7.mod,mod
400589,26869,na_hybrid8.mod,mod
400590,26869,na_mouse.mod,mod
401426,27304,Micatka_AtlastiCoding.qdpx,qdpx
401446,27305,EFL_ILP_ScopingReview_CodedData_20250718.qdpx,qdpx
401451,27305,Polish_debates_on_higher_education_party_manifestos.qdpx,qdpx
401452,27305,Polish_debates_on_higher_education_party_manifestos.mx20,mx20
401454,27305,Polish_debates_on_higher_education_party_manifestos.mx22,mx22
401456,27305,Qual_Coder_Coding_File_.qdpx,qdpx
401472,27305,23_PLANET4B_QDPXProject-FrameAnalysis_Pisa_20250514_Qualitative-Analysis-Project.qdpx,qdpx
401502,27305,1_PLANET4B_QDPXProject-BusinessModels_Pisa_20250919_Qualitative-Analysis-Project.qdpx,qdpx
401542,27305,An_lisis_Primer_Instrumento.hpr7,hpr7
401543,27305,An_lisis_Cuali_Segunda_Fase.hpr7,hpr7
401569,27306,Mannheimer_Redacted_Interview_Analysis.nvpx,nvpx
401588,27307,Polish_debates_on_higher_education_party_manifestos.qdpx,qdpx
401589,27307,Polish_debates_on_higher_education_party_manifestos.mx20,mx20
401591,27307,Polish_debates_on_higher_education_party_manifestos.mx22,mx22
401593,27308,Qual_Coder_Coding_File_.qdpx,qdpx
401609,27309,23_PLANET4B_QDPXProject-FrameAnalysis_Pisa_20250514_Qualitative-Analysis-Project.qdpx,qdpx
401639,27310,1_PLANET4B_QDPXProject-BusinessModels_Pisa_20250919_Qualitative-Analysis-Project.qdpx,qdpx
401679,27311,An_lisis_Primer_Instrumento.hpr7,hpr7
401680,27311,An_lisis_Cuali_Segunda_Fase.hpr7,hpr7
421968,39954,IoT Roadmap - Final Coding.qdp,qdp
425070,41274,Steeves_FocusGroup_Codebook.qdc,qdc
425073,41274,Steeves_Interview_Codebook.qdc,qdc
427394,41442,Hegarty_QDA-Project_REFI-QDA-Exchange.qdpx,qdpx
427410,41442,Hegarty_QDA-Project_NVivo.nvp,nvp
464205,44996,Dr_Akinyemi_PhD_Updated_19_6_27042020.nvp,.nvp
465208,44996,CHILDREN AND YOUTH_COMPLETE_2026_22.03.26.mqda,.mqda
470753,47835,Procyon_B_M19_Y03_Z0245_a17_b00_end_core_he_burn.mod,.mod
470754,47835,Procyon_B_M19_Y03_Z0245_a17_b00_end_agb.mod,.mod
470756,47835,Procyon_B_M19_Y03_Z0245_a17_b00_end_core_h_burn.mod,.mod
471393,48247,final.mod,.mod
472369,48658,Speech_Representation_Project_Data_Annotated.rqda,.rqda
472942,49082,Zins_(2007)_Classification_Systems_Comparison.mx20,.mx20
473037,49167,5. QA-AT posts labelling and encoding.mx18,.mx18
666332,82159,THastingsDataVerseFall2013.mx5,.mx5
666337,82160,SANDOVALWorking11-11.mx5,.mx5
666338,82160,SANDOVALworking 11-17 1.mx5,.mx5
